-- PATIENT ------------------------------------------------------------------------------------------------------------
INSERT INTO PATIENT (pID, name, birth_day, phone, address, disease, treatment, day_in, day_out)
VALUES (1, 'John Smith', TO_DATE('1990-05-15', 'YYYY-MM-DD'), 1234567890, '123 Main St', 'Flu', 'Antibiotics', TO_DATE('2023-03-01', 'YYYY-MM-DD'), TO_DATE('2023-03-05', 'YYYY-MM-DD'));

INSERT INTO PATIENT (pID, name, birth_day, phone, address, disease, treatment, day_in, day_out)
VALUES (2, 'Mary Johnson', TO_DATE('1985-09-20', 'YYYY-MM-DD'), 2345678901, '456 Elm St', 'Pneumonia', 'Antibiotics', TO_DATE('2022-08-10', 'YYYY-MM-DD'), TO_DATE('2022-08-15', 'YYYY-MM-DD'));

INSERT INTO PATIENT (pID, name, birth_day, phone, address, disease, treatment, day_in, day_out)
VALUES (3, 'David Lee', TO_DATE('1997-01-01', 'YYYY-MM-DD'), 3456789012, '789 Oak St', 'Appendicitis', 'Surgery', TO_DATE('2022-07-20', 'YYYY-MM-DD'), TO_DATE('2022-07-25', 'YYYY-MM-DD'));

INSERT INTO PATIENT (pID, name, birth_day, phone, address, disease, treatment, day_in, day_out)
VALUES (4, 'Emily Chen', TO_DATE('1980-12-01', 'YYYY-MM-DD'), 4567890123, '567 Pine St', 'Migraine', 'Painkillers', TO_DATE('2022-09-05', 'YYYY-MM-DD'), TO_DATE('2022-09-10', 'YYYY-MM-DD'));

INSERT INTO PATIENT (pID, name, birth_day, phone, address, disease, treatment, day_in, day_out)
VALUES (5, 'Daniel Kim', TO_DATE('1993-06-18', 'YYYY-MM-DD'), 5678901234, '234 Maple St', 'Asthma', 'Inhaler', TO_DATE('2022-06-15', 'YYYY-MM-DD'), TO_DATE('2022-06-20', 'YYYY-MM-DD'));

INSERT INTO PATIENT (pID, name, birth_day, phone, address, disease, treatment, day_in, day_out)
VALUES (6, 'Sarah Park', TO_DATE('1989-11-05', 'YYYY-MM-DD'), 6789012345, '789 Oak St', 'Broken Arm', 'Cast', TO_DATE('2022-05-20', 'YYYY-MM-DD'), TO_DATE('2022-06-05', 'YYYY-MM-DD'));

INSERT INTO PATIENT (pID, name, birth_day, phone, address, disease, treatment, day_in, day_out)
VALUES (7, 'Ryan Lee', TO_DATE('2000-02-29', 'YYYY-MM-DD'), 7890123456, '123 Elm St', 'Flu', 'Antibiotics', TO_DATE('2022-04-15', 'YYYY-MM-DD'), TO_DATE('2022-04-20', 'YYYY-MM-DD'));

INSERT INTO PATIENT (pID, name, birth_day, phone, address, disease, treatment, day_in, day_out)
VALUES (8, 'Jennifer Smith', TO_DATE('1978-07-04', 'YYYY-MM-DD'), 8901234567, '456 Oak St', 'Flu', 'Antibiotics', TO_DATE('2022-03-10', 'YYYY-MM-DD'), TO_DATE('2022-03-15', 'YYYY-MM-DD'));

INSERT INTO PATIENT (pID, name, birth_day, phone, address, disease, treatment, day_in, day_out)
VALUES (9, 'Steven Park', TO_DATE('2001-08-06', 'YYYY-MM-DD'), 9012345678, '135 Pine Rd', 'Acne', 'Acne medication', TO_DATE('2022-09-05', 'YYYY-MM-DD'), TO_DATE('2022-09-10', 'YYYY-MM-DD'));

INSERT INTO PATIENT (pID, name, birth_day, phone, address, disease, treatment, day_in, day_out)
VALUES (10, 'Rachel Kim', TO_DATE('1989-04-23', 'YYYY-MM-DD'), 0123456789, '579 Cedar St', 'Anxiety', 'Anxiety medication', TO_DATE('2022-08-10', 'YYYY-MM-DD'), TO_DATE('2022-08-15', 'YYYY-MM-DD'));

INSERT INTO PATIENT (pID, name, birth_day, phone, address, disease, treatment, day_in, day_out)
VALUES (11, 'Brian Lee', TO_DATE('1996-02-14', 'YYYY-MM-DD'), 2345678901, '567 Main St', 'Flu', 'Antibiotics', TO_DATE('2022-05-20', 'YYYY-MM-DD'), TO_DATE('2022-06-05', 'YYYY-MM-DD'));

INSERT INTO PATIENT (pID, name, birth_day, phone, address, disease, treatment, day_in, day_out)
VALUES (12, 'Emma Davis', TO_DATE('1987-09-20', 'YYYY-MM-DD'), 2345678901, '456 Pine St', 'Pneumonia', 'Antibiotics', TO_DATE('2023-03-25', 'YYYY-MM-DD'), TO_DATE('2023-04-01', 'YYYY-MM-DD'));

INSERT INTO PATIENT (pID, name, birth_day, phone, address, disease, treatment, day_in, day_out)
VALUES (13, 'Liam Wilson', TO_DATE('1985-06-02', 'YYYY-MM-DD'), 3456789012, '789 Oak St', 'COVID-19', 'Antiviral medication', TO_DATE('2023-03-29', 'YYYY-MM-DD'), TO_DATE('2023-04-15', 'YYYY-MM-DD'));

INSERT INTO PATIENT (pID, name, birth_day, phone, address, disease, treatment, day_in, day_out)
VALUES (14, 'Ava Brown', TO_DATE('1993-02-14', 'YYYY-MM-DD'), 4567890123, '234 Elm St', 'Migraine', 'Pain relievers', TO_DATE('2023-04-05', 'YYYY-MM-DD'), TO_DATE('2023-04-08', 'YYYY-MM-DD'));

INSERT INTO PATIENT (pID, name, birth_day, phone, address, disease, treatment, day_in, day_out)
VALUES (15, 'Noah Garcia', TO_DATE('1978-11-29', 'YYYY-MM-DD'), 5678901234, '567 Maple St', 'Heart disease', 'Beta blockers', TO_DATE('2023-04-10', 'YYYY-MM-DD'), TO_DATE('2023-04-20', 'YYYY-MM-DD'));

INSERT INTO PATIENT (pID, name, birth_day, phone, address, disease, treatment, day_in, day_out)
VALUES (16, 'Sophia Rodriguez', TO_DATE('1982-03-18', 'YYYY-MM-DD'), 6789012345, '890 Birch St', 'Acne', 'Acne medication', TO_DATE('2023-04-11', 'YYYY-MM-DD'), TO_DATE('2023-04-14', 'YYYY-MM-DD'));

INSERT INTO PATIENT (pID, name, birth_day, phone, address, disease, treatment, day_in, day_out)
VALUES (17, 'Jackson Wilson', TO_DATE('1998-08-12', 'YYYY-MM-DD'), 7890123456, '123 Cedar St', 'Asthma', 'Bronchodilators', TO_DATE('2023-04-12', 'YYYY-MM-DD'), TO_DATE('2023-04-18', 'YYYY-MM-DD'));

INSERT INTO PATIENT (pID, name, birth_day, phone, address, disease, treatment, day_in, day_out)
VALUES (18, 'Olivia Hernandez', TO_DATE('1980-01-06', 'YYYY-MM-DD'), 8901234567, '456 Oak St', 'Diabetes', 'Insulin', TO_DATE('2023-04-14', 'YYYY-MM-DD'), TO_DATE('2023-04-25', 'YYYY-MM-DD'));

INSERT INTO PATIENT (pID, name, birth_day, phone, address, disease, treatment, day_in, day_out)
VALUES (19, 'Ryan Park', TO_DATE('2003-01-31', 'YYYY-MM-DD'), 0123456789, '579 Pine Rd', 'Acne', 'Acne medication', TO_DATE('2023-04-10', 'YYYY-MM-DD'), TO_DATE('2023-04-20', 'YYYY-MM-DD'));

INSERT INTO PATIENT (pID, name, birth_day, phone, address, disease, treatment, day_in, day_out)
VALUES (20, 'Grace Kim', TO_DATE('1990-09-05', 'YYYY-MM-DD'), 1234567890, '123 Cedar St', 'Anxiety', 'Anxiety medication', TO_DATE('2023-04-30', 'YYYY-MM-DD'), TO_DATE('2023-05-02', 'YYYY-MM-DD'));

INSERT INTO PATIENT (pID, name, birth_day, phone, address, disease, treatment, day_in, day_out)
VALUES (21, 'Matthew Lee', TO_DATE('1995-03-28', 'YYYY-MM-DD'), 2345678901, '567 Main St', 'Flu', 'Antibiotics', TO_DATE('2023-05-05', 'YYYY-MM-DD'), TO_DATE('2023-05-09', 'YYYY-MM-DD'));

INSERT INTO PATIENT (pID, name, birth_day, phone, address, disease, treatment, day_in, day_out)
VALUES (22, 'Emily Lee', TO_DATE('1999-09-12', 'YYYY-MM-DD'), 3456789012, '789 Elm St', 'Asthma', 'Inhaler', TO_DATE('2023-04-29', 'YYYY-MM-DD'), TO_DATE('2023-05-03', 'YYYY-MM-DD'));

INSERT INTO PATIENT (pID, name, birth_day, phone, address, disease, treatment, day_in, day_out)
VALUES (23, 'William Chen', TO_DATE('1985-12-01', 'YYYY-MM-DD'), 4567890123, '234 Oak St', 'Migraine', 'Painkillers', TO_DATE('2023-04-30', 'YYYY-MM-DD'), TO_DATE('2023-05-02', 'YYYY-MM-DD'));

INSERT INTO PATIENT (pID, name, birth_day, phone, address, disease, treatment, day_in, day_out)
VALUES (24, 'Sophia Kim', TO_DATE('2000-07-22', 'YYYY-MM-DD'), 5678901234, '345 Maple St', 'Broken arm', 'Cast', TO_DATE('2023-05-01', 'YYYY-MM-DD'), TO_DATE('2023-05-05', 'YYYY-MM-DD'));

INSERT INTO PATIENT (pID, name, birth_day, phone, address, disease, treatment, day_in, day_out)
VALUES (25, 'Oliver Rodriguez', TO_DATE('1977-01-18', 'YYYY-MM-DD'), 6789012345, '456 Pine St', 'Diabetes', 'Insulin', TO_DATE('2023-05-02', 'YYYY-MM-DD'), TO_DATE('2023-05-06', 'YYYY-MM-DD'));

INSERT INTO PATIENT (pID, name, birth_day, phone, address, disease, treatment, day_in, day_out)
VALUES (26, 'Evelyn Park', TO_DATE('1992-11-30', 'YYYY-MM-DD'), 7890123456, '567 Cedar St', 'Pneumonia', 'Antibiotics', TO_DATE('2023-05-03', 'YYYY-MM-DD'), TO_DATE('2023-05-07', 'YYYY-MM-DD'));

INSERT INTO PATIENT (pID, name, birth_day, phone, address, disease, treatment, day_in, day_out)
VALUES (27, 'James Lee', TO_DATE('1980-03-04', 'YYYY-MM-DD'), 8901234567, '678 Walnut St', 'Flu', 'Antibiotics', TO_DATE('2023-05-04', 'YYYY-MM-DD'), TO_DATE('2023-05-08', 'YYYY-MM-DD'));

INSERT INTO PATIENT (pID, name, birth_day, phone, address, disease, treatment, day_in, day_out)
VALUES (28, 'Avery Smith', TO_DATE('1995-09-16', 'YYYY-MM-DD'), 9012345678, '789 Chestnut St', 'Sprained ankle', 'Bandage', TO_DATE('2023-05-05', 'YYYY-MM-DD'), TO_DATE('2023-05-09', 'YYYY-MM-DD'));

INSERT INTO PATIENT (pID, name, birth_day, phone, address, disease, treatment, day_in, day_out)
VALUES (29, 'Emily Johnson', TO_DATE('1997-08-12', 'YYYY-MM-DD'), 3456789012, '789 Elm St', 'Appendicitis', 'Surgery', TO_DATE('2023-04-01', 'YYYY-MM-DD'), TO_DATE('2023-04-05', 'YYYY-MM-DD'));

INSERT INTO PATIENT (pID, name, birth_day, phone, address, disease, treatment, day_in, day_out)
VALUES (30, 'Robert Williams', TO_DATE('1985-02-22', 'YYYY-MM-DD'), 4567890123, '456 Oak St', 'Gallstones', 'Surgery', TO_DATE('2023-03-21', 'YYYY-MM-DD'), TO_DATE('2023-03-25', 'YYYY-MM-DD'));

INSERT INTO PATIENT (pID, name, birth_day, phone, address, disease, treatment, day_in, day_out)
VALUES (31, 'Megan Davis', TO_DATE('1992-11-04', 'YYYY-MM-DD'), 5678901234, '234 Maple St', 'Hernia', 'Surgery', TO_DATE('2023-02-14', 'YYYY-MM-DD'), TO_DATE('2023-02-18', 'YYYY-MM-DD'));

INSERT INTO PATIENT (pID, name, birth_day, phone, address, disease, treatment, day_in, day_out)
VALUES (32, 'William Wilson', TO_DATE('1979-06-27', 'YYYY-MM-DD'), 6789012345, '345 Pine St', 'Kidney Stones', 'Surgery', TO_DATE('2023-01-05', 'YYYY-MM-DD'), TO_DATE('2023-01-09', 'YYYY-MM-DD'));

INSERT INTO PATIENT (pID, name, birth_day, phone, address, disease, treatment, day_in, day_out)
VALUES (33, 'Sophia Brown', TO_DATE('1988-09-17', 'YYYY-MM-DD'), 7890123456, '567 Birch St', 'Appendicitis', 'Surgery', TO_DATE('2022-12-02', 'YYYY-MM-DD'), TO_DATE('2022-12-06', 'YYYY-MM-DD'));

INSERT INTO PATIENT (pID, name, birth_day, phone, address, disease, treatment, day_in, day_out)
VALUES (34, 'Alice Johnson', TO_DATE('1980-07-12', 'YYYY-MM-DD'), 3456789012, '789 Oak St', 'Heart Attack', 'ICU', TO_DATE('2023-04-01', 'YYYY-MM-DD'), TO_DATE('2023-04-10', 'YYYY-MM-DD'));

INSERT INTO PATIENT (pID, name, birth_day, phone, address, disease, treatment, day_in, day_out)
VALUES (35, 'Benjamin Franklin', TO_DATE('1975-12-20', 'YYYY-MM-DD'), 4567890123, '456 Elm St', 'Severe Pneumonia', 'ICU', TO_DATE('2023-03-20', 'YYYY-MM-DD'), TO_DATE('2023-04-05', 'YYYY-MM-DD'));

INSERT INTO PATIENT (pID, name, birth_day, phone, address, disease, treatment, day_in, day_out)
VALUES (36, 'Catherine Lee', TO_DATE('1985-02-10', 'YYYY-MM-DD'), 5678901234, '234 Pine St', 'Brain Injury', 'ICU', TO_DATE('2023-04-15', 'YYYY-MM-DD'), TO_DATE('2023-04-30', 'YYYY-MM-DD'));

-- DOCTORS --------------------------------------------------------------------------

INSERT INTO DOCTOR (sID, name, birth_day, phone, specialty)
VALUES (1, 'John Smith', TO_DATE('1985-01-01', 'YYYY-MM-DD'), 1234567890, 'Cardiology');

INSERT INTO DOCTOR (sID, name, birth_day, phone, specialty)
VALUES (2, 'Sarah Johnson', TO_DATE('1992-12-25', 'YYYY-MM-DD'), 2345678901, 'Pediatrics');

INSERT INTO DOCTOR (sID, name, birth_day, phone, specialty)
VALUES (3, 'Michael Brown', TO_DATE('1992-12-25', 'YYYY-MM-DD'), 3456789012, 'Oncology');

INSERT INTO DOCTOR (sID, name, birth_day, phone, specialty)
VALUES (4, 'Emily Davis', TO_DATE('1985-07-21', 'YYYY-MM-DD'), 4567890123, 'Psychiatry');

INSERT INTO DOCTOR (sID, name, birth_day, phone, specialty)
VALUES (5, 'William Martinez', TO_DATE('1989-02-25', 'YYYY-MM-DD'), 5678901234, 'Neurology');

INSERT INTO DOCTOR (sID, name, birth_day, phone, specialty)
VALUES (6, 'Grace Thompson', TO_DATE('1994-05-03', 'YYYY-MM-DD'), 6789012345, 'Dermatology');

INSERT INTO DOCTOR (sID, name, birth_day, phone, specialty)
VALUES (7, 'Robert Taylor', TO_DATE('1985-01-01', 'YYYY-MM-DD'), 7890123456, 'Endocrinology');

INSERT INTO DOCTOR (sID, name, birth_day, phone, specialty)
VALUES (8, 'Alexis Hernandez', TO_DATE('1990-04-10', 'YYYY-MM-DD'), 8901234567, 'Gynecology');

INSERT INTO DOCTOR (sID, name, birth_day, phone, specialty)
VALUES (9, 'Oliver Wilson', TO_DATE('1994-05-03', 'YYYY-MM-DD'), 9012345678, 'Cardiology');

INSERT INTO DOCTOR (sID, name, birth_day, phone, specialty)
VALUES (10, 'Evelyn Lee', TO_DATE('1980-05-30', 'YYYY-MM-DD'), 1234509876, 'Ophthalmology');

-- NURSES --------------------------------------------------------------------------
INSERT INTO NURSE (sID, name, birth_day, phone, shift) 
VALUES (11, 'Emily Adams', TO_DATE('1987-11-30', 'YYYY-MM-DD'), 1234567890, 'Morning');

INSERT INTO NURSE (sID, name, birth_day, phone, shift) 
VALUES (12, 'Daniel Lee', TO_DATE('1992-04-15', 'YYYY-MM-DD'), 2345678901, 'Evening');

INSERT INTO NURSE (sID, name, birth_day, phone, shift) 
VALUES (13, 'Jessica Kim', TO_DATE('1985-09-20', 'YYYY-MM-DD'), 3456789012, 'Night');

INSERT INTO NURSE (sID, name, birth_day, phone, shift) 
VALUES (14, 'Oliver Chen', TO_DATE('1990-06-05', 'YYYY-MM-DD'), 4567890123, 'Morning');

INSERT INTO NURSE (sID, name, birth_day, phone, shift) 
VALUES (15, 'Sophia Patel', TO_DATE('1988-01-01', 'YYYY-MM-DD'), 5678901234, 'Evening');

-- WARDBOYS --------------------------------------------------------------------------
INSERT INTO WARD_BOY (sID, name, birth_day, phone, duty)
VALUES (16, 'David Johnson', TO_DATE('1990-06-25', 'YYYY-MM-DD'), 1234567890, 'Cleaning');

INSERT INTO WARD_BOY (sID, name, birth_day, phone, duty)
VALUES (17, 'Emily Brown', TO_DATE('1985-03-12', 'YYYY-MM-DD'), 2345678901, 'Room Care');

INSERT INTO WARD_BOY (sID, name, birth_day, phone, duty)
VALUES (18, 'William Davis', TO_DATE('1988-08-15', 'YYYY-MM-DD'), 3456789012, 'Laundry');

INSERT INTO WARD_BOY (sID, name, birth_day, phone, duty)
VALUES (19, 'Sophia Wilson', TO_DATE('1992-01-06', 'YYYY-MM-DD'), 4567890123, 'Stock Management');

INSERT INTO WARD_BOY (sID, name, birth_day, phone, duty)
VALUES (20, 'Benjamin Garcia', TO_DATE('1986-11-22', 'YYYY-MM-DD'), 5678901234, 'Assisting Nurses');

-- CLINICAL LABS --------------------------------------------------------------------------
INSERT INTO CLINICAL_LAB (rID, name, capacity, availability, lab_type)
VALUES (101, 'Lab-A', 10, 'available', 'Blood test');

INSERT INTO CLINICAL_LAB (rID, name, capacity, availability, lab_type)
VALUES (102, 'Lab-B', 8, 'available', 'Urine test');

INSERT INTO CLINICAL_LAB (rID, name, capacity, availability, lab_type)
VALUES (103, 'Lab-C', 12, 'unavailable', 'MRI scan');

INSERT INTO CLINICAL_LAB (rID, name, capacity, availability, lab_type)
VALUES (104, 'Lab-D', 6, 'available', 'X-ray');

INSERT INTO CLINICAL_LAB (rID, name, capacity, availability, lab_type)
VALUES (105, 'Lab-E', 14, 'unavailable', 'Ultrasound');

INSERT INTO CLINICAL_LAB (rID, name, capacity, availability, lab_type)
VALUES (106, 'Lab-F', 9, 'available', 'Blood test');

INSERT INTO CLINICAL_LAB (rID, name, capacity, availability, lab_type)
VALUES (107, 'Lab-G', 11, 'available', 'CT scan');

INSERT INTO CLINICAL_LAB (rID, name, capacity, availability, lab_type)
VALUES (108, 'Lab-H', 7, 'available', 'Urine test');

INSERT INTO CLINICAL_LAB (rID, name, capacity, availability, lab_type)
VALUES (109, 'Lab-I', 10, 'available', 'X-ray');

INSERT INTO CLINICAL_LAB (rID, name, capacity, availability, lab_type)
VALUES (110, 'Lab-J', 8, 'unavailable', 'MRI scan');

-- OPERATION THEATERS --------------------------------------------------------------------------

INSERT INTO OPERATION_THEATER (rID, name, capacity, availability, op_type) 
VALUES (301, 'OT-1', 10, 'available', 'General');

INSERT INTO OPERATION_THEATER (rID, name, capacity, availability, op_type) 
VALUES (302, 'OT-2', 8, 'available', 'Neuro');

INSERT INTO OPERATION_THEATER (rID, name, capacity, availability, op_type) 
VALUES (303, 'OT-3', 12, 'unavailable', 'Cardiac');

INSERT INTO OPERATION_THEATER (rID, name, capacity, availability, op_type) 
VALUES (304, 'OT-4', 6, 'available', 'Ortho');

INSERT INTO OPERATION_THEATER (rID, name, capacity, availability, op_type) 
VALUES (305, 'OT-5', 15, 'unavailable', 'ENT');

-- ICU --------------------------------------------------------------------------
INSERT INTO ICU (rID, name, capacity, availability, icu_type) 
VALUES (201, 'ICU-1', 5, 'available', 'General');

INSERT INTO ICU (rID, name, capacity, availability, icu_type) 
VALUES (202, 'ICU-2', 5, 'available', 'Cardiac');

INSERT INTO ICU (rID, name, capacity, availability, icu_type) 
VALUES (203, 'ICU-3', 5, 'available', 'Surgical');

INSERT INTO ICU (rID, name, capacity, availability, icu_type) 
VALUES (204, 'ICU-4', 5, 'unavailable', 'Neurological');

INSERT INTO ICU (rID, name, capacity, availability, icu_type) 
VALUES (205, 'ICU-5', 5, 'available', 'Pediatric');

-- MAINTAIN --------------------------------------------------------------------------
INSERT INTO MAINTAIN (RID, SID) VALUES (101, 16);
INSERT INTO MAINTAIN (RID, SID) VALUES (102, 17);
INSERT INTO MAINTAIN (RID, SID) VALUES (103, 18);
INSERT INTO MAINTAIN (RID, SID) VALUES (104, 19);
INSERT INTO MAINTAIN (RID, SID) VALUES (105, 20);
INSERT INTO MAINTAIN (RID, SID) VALUES (106, 16);
INSERT INTO MAINTAIN (RID, SID) VALUES (107, 17);
INSERT INTO MAINTAIN (RID, SID) VALUES (108, 18);
INSERT INTO MAINTAIN (RID, SID) VALUES (109, 19);
INSERT INTO MAINTAIN (RID, SID) VALUES (110, 20);
INSERT INTO MAINTAIN (RID, SID) VALUES (201, 16);
INSERT INTO MAINTAIN (RID, SID) VALUES (202, 17);
INSERT INTO MAINTAIN (RID, SID) VALUES (203, 18);
INSERT INTO MAINTAIN (RID, SID) VALUES (204, 19);
INSERT INTO MAINTAIN (RID, SID) VALUES (205, 20);
INSERT INTO MAINTAIN (RID, SID) VALUES (301, 16);
INSERT INTO MAINTAIN (RID, SID) VALUES (302, 17);
INSERT INTO MAINTAIN (RID, SID) VALUES (303, 18);
INSERT INTO MAINTAIN (RID, SID) VALUES (304, 19);
INSERT INTO MAINTAIN (RID, SID) VALUES (305, 20);
-- takecare ------------------------------------------------------
INSERT INTO TAKE CARE (PID, SID) VALUES (11, 12);
INSERT INTO TAKE CARE (PID, SID) VALUES (22, 11);
INSERT INTO TAKE CARE (PID, SID) VALUES (19, 15);
INSERT INTO TAKE CARE (PID, SID) VALUES (9, 14);
INSERT INTO TAKE CARE (PID, SID) VALUES (32, 13);
INSERT INTO TAKE CARE (PID, SID) VALUES (16, 11);
INSERT INTO TAKE CARE (PID, SID) VALUES (3, 12);
INSERT INTO TAKE CARE (PID, SID) VALUES (21, 14);
INSERT INTO TAKE CARE (PID, SID) VALUES (26, 15);
INSERT INTO TAKE CARE (PID, SID) VALUES (4, 13);

-- handle --------------------------------------------------
INSERT INTO HANDLE (SID, PID) VALUES (5, 34);
INSERT INTO HANDLE (SID, PID) VALUES (7, 30);
INSERT INTO HANDLE (SID, PID) VALUES (10, 3);
INSERT INTO HANDLE (SID, PID) VALUES (7, 10);
INSERT INTO HANDLE (SID, PID) VALUES (8, 29);
INSERT INTO HANDLE (SID, PID) VALUES (1, 19);
INSERT INTO HANDLE (SID, PID) VALUES (5, 9);
INSERT INTO HANDLE (SID, PID) VALUES (4, 6);
INSERT INTO HANDLE (SID, PID) VALUES (6, 25);
INSERT INTO HANDLE (SID, PID) VALUES (2, 21);
INSERT INTO HANDLE (SID, PID) VALUES (7, 14);
INSERT INTO HANDLE (SID, PID) VALUES (2, 11);
INSERT INTO HANDLE (SID, PID) VALUES (3, 29);
INSERT INTO HANDLE (SID, PID) VALUES (6, 35);
INSERT INTO HANDLE (SID, PID) VALUES (4, 26);
INSERT INTO HANDLE (SID, PID) VALUES (5, 27);
INSERT INTO HANDLE (SID, PID) VALUES (1, 30);
INSERT INTO HANDLE (SID, PID) VALUES (3, 11);
INSERT INTO HANDLE (SID, PID) VALUES (7, 26);
INSERT INTO HANDLE (SID, PID) VALUES (9, 12);
INSERT INTO HANDLE (SID, PID) VALUES (2, 31);
INSERT INTO HANDLE (SID, PID) VALUES (10, 19);
INSERT INTO HANDLE (SID, PID) VALUES (6, 25);
INSERT INTO HANDLE (SID, PID) VALUES (4, 30);
INSERT INTO HANDLE (SID, PID) VALUES (8, 12);